Children's Shows,Interactive
Children's Shows,Storytelling
Music,Blues
Music,Pop
Theatre,Drama
Theatre,Classical
Comedy,Improv
Comedy,Musical theatre
Theatre,New writing
Theatre,Drama
Theatre,Drama
Theatre,Comedy
Comedy,Storytelling
Comedy,Sketch show
Comedy,Improv
Comedy,Stand-up
Theatre,New writing
Theatre,Verbatim
Comedy,Magic
Comedy,Stand-up
Music,A cappella
Music,Vocal
Music,Jazz
Music,Acoustic
Music,International
Cabaret and Variety,Music
Cabaret and Variety,Comedy
Dance Physical Theatre and Circus,Folk
Dance Physical Theatre and Circus,Traditional
Comedy,Compilation
Comedy,Variety
Children's Shows,
Children's Shows,Circus
Children's Shows,Comedy
Theatre,Solo show
Theatre,Contemporary
Theatre,Drama
Theatre,Immersive
Music,Revue
Music,Jazz
Comedy,Family
Comedy,Improv
Music,Blues
Music,Folk
Comedy,Solo show
Theatre,Spoken word
Theatre,Comedy
Theatre,Drama
Comedy,Improv
Comedy,Family
Theatre,New writing
Theatre,Magic
Spoken Word,Political
Spoken Word,Solo show
Spoken Word,LGBT
Spoken Word,Solo show
Music,Storytelling
Music,World music
Music,Storytelling
Music,Blues
Music,Historical
Musicals and Opera,Theatre
Cabaret and Variety,Comedy
Cabaret and Variety,Physical theatre
Comedy,Variety
Cabaret and Variety,Circus
Cabaret and Variety,Comedy
Children's Shows,Music
Children's Shows,Interactive
Comedy,Drama
Comedy,Theatre
Theatre,Physical theatre
Musicals and Opera,World music
Musicals and Opera,Traditional
Music,Blues
Music,Jazz
Music,Storytelling
Music,Music
Comedy,Interactive
Comedy,Sketch show
Music,Blues
Music,Storytelling
Theatre,Comedy
Theatre,New writing
Theatre,Music
Music,Blues
Music,Vocal
Comedy,
Theatre,Comedy
Theatre,Traditional
Theatre,Comedy
Theatre,Solo show
Events,Historical
Events,Storytelling
Musicals and Opera,Musical theatre
Musicals and Opera,New writing
Cabaret and Variety,Magic
Cabaret and Variety,New writing
Cabaret and Variety,Comedy
Cabaret and Variety,Magic
Events,Walk
Events,Historical
Music,Acoustic
Music,Acoustic
Music,Pop
Musicals and Opera,Vocal
Musicals and Opera,Family
Children's Shows,Classical
Children's Shows,Comedy
Music,Vocal
Music,Family
Comedy,Stand-up
Comedy,Satire
Events,Horror
Events,Walk
Theatre,New writing
Theatre,Historical
Theatre,Solo show
Theatre,New writing